Názov,Mesiac zápisu,Mesiac vzniku,Autor,Oblasť,Typ,Odkaz,HVD,PM,Spoplatnenie,Popis,Použité datasety
Finstat,05_2023,2012,Súkromné,Transparentnosť,webaplikácia/API/datasety,www.finstat.sk,x,,freemium,Informácie o firmách,"Register účtovných závierok, Obchodný vestník, Register právnických osôb, ..."
Uvostat,05_2023,2016,Súkromné,Transparentnosť,webaplikácia,www.uvostat.sk,,,freemium,Informácie o verejných obstarávaniach,Vestník verejného obstarávania
Otvorené súdy,05_2023,2013,NGO,Transparentnosť,webaplikácia,www.otvorenesudy.sk,,,zadarmo,Informácie o súdoch a rozhodnutiach,"Súdy, Sudcovia, Súdne pojednávania, Súdne rozhodnutia, Štatistiky o súdoch, Ročné štatistické výkazy o činnosti sudcov"
Otvorená prokuratúra,05_2023,2020,NGO,Transparentnosť,webaplikácia,www.prokuratura.otvorenesudy.sk/,,,zadarmo,Informácie o prokuratúre ,
Z-index,05_2023,2020,NGO,Transparentnosť,webaplikácia,www.zindex.sk,,,zadarmo,Hodnotenie transparentnosti verejných obstarávaní,Vestník verejného obstarávania
Vládny portál o COVID-19,05_2023,2020,Štátne,Zdravie,webaplikácia/datasety,www.korona.gov.sk,,,zadarmo,"Základné údaje o koronavíruse a jeho šírení, očkovanie",covid19-data
Dáta bez pátosu - informácie o COVID-19,05_2023,2020,Súkromné,Zdravie,vizualizácie,www.databezpatosu.sk/reporty-a-interaktivne-mapy,,,zadarmo,"Informácie o šírení koronavírusu, očkovaní",covid19-data
Otvorené drevo,05_2023,01_2022,Štátne,Životné prostredie,webaplikácia/OpenAPI,www.otvorenedrevo.sk,,,zadarmo,Informácie o ťažbe dreva,
Envidat,05_2023,05_2021,Štátne,Životné prostredie,webaplikácia,www.enviroportal.sk/envidat,x,,zadarmo,Informácie o enviromentálnych ukazovateľoch,
Kalkulačka uhlíkovej stopy IEP,05_2023,2020,Štátne,Životné prostredie,kalkulačka,www.iep.sk/Kalkulacka,,,zadarmo,Výpočet uhlíkovej stopy jednotlivca na základe formulára,
MHD Prešov,05_2023,2016,Súkromné,Doprava,webaplikácia/Android/Apple,www.mhdpo.sk,,,zadarmo,Vyhľadávanie spojov verejnej dopravy,On-line poloha vozidiel MHD mesta Prešov - skúšobná prevádzka
Oznamy Prešov,05_2023,2018,Súkromné,Samospráva,webaplikácia,www.oznamypresov.sk,,,zadarmo,"Oznamy - filtrovanie, zasielanie",Úradná tabuľa
Najdispoj.sk,05_2023,2023,Súkromné,Doprava,webaplikácia,https://najdispoj.sk,,,zadarmo,Vyhľadávanie spojov verejnej dopravy,Grafikon vlakovej dopravy vo formáte GTFS 
Fakty o klíme,05_2023,01_2021,NGO,Životné prostredie,vizualizácie,www.faktyoklime.sk,x,,zadarmo,Vizualizácia a analýza informácií o zmene klímy,
Všetko na skok,05_2023,08_2020,NGO,Samospráva,vizualizácia,www.alvaria.sk/vsetkonaskok,,,zadarmo,"Vizualizácia informácií o prevádzkach, vzdialenosť od adries vzdušnou čiarou","Adresy, Zoznam obchodných prevádzok"
Demograf,05_2023,10_2020,NGO,Samospráva,vizualizácia,www.alvaria.sk/demograf,x,,zadarmo,Vizualizácia demografických informácií na úrovni ulice - viaceré mestá,Početnosť občanov
Škôlky,05_2023,11_2022,NGO,Školstvo,vizualizácia,www.alvaria.sk/školky,,,zadarmo,Vizualizácia informácií o škôlkach,
Dotácie,05_2023,03_2022,NGO,Transparentnosť,vizualizácia/datasety,www.alvaria.sk/dotacie2,,,zadarmo,Vizualizácia informácií o udeľovaní dotácií - viaceré mestá a VÚC,Dotácie
Vizuálny smog,05_2023,09_2020,NGO,Životné prostredie,vizualizácia,www.alvaria.sk/vizualnysmog,,,zadarmo,Vizualizácia reklamného smogu v Trnave,Reklamné zariadenia
Koronadotácie,05_2023,09_2021,NGO,Transparentnosť,vizualizácia,www.alvaria.sk/koronadotacie,,,zadarmo,Vizualizácia viacerých schém koronadotácií,
Verejné obstarávania,05_2023,12_2020,NGO,Transparentnosť,vizualizácia,www.alvaria.sk/open-data-aplikacie/,,,zadarmo,Vizualizácia štatistických údajov o verejných obstarávaniach za obstarávateľov,Uvostat
Kampo,05_2023,2020,Samosprávne,Školstvo,webaplikácia,www.kampo.sk,,,zadarmo,Informácie o stredných školách v PSK,
Stromy v kaštieli Jaslovské Bohunice,05_2023,2017,Samosprávne,Životné prostredie,webaplikácia,www.stromy.jaslovske-bohunice.sk,,,zadarmo,"Informácie o stromoch, vyhľadávanie podľa čísla",
Kam idú eurofondy,05_2023,2018,NGO,Transparentnosť,webaplikácia,www.kamidueurofondy.sk,,,zadarmo,Informácie o čerpaní eurofondov z PO 2014-2020,ITMS2014+
Nutnosť alebo prebytok odpadkových košov pre psy v meste Nitra,05_2023,01_2022,VŠ,Životné prostredie,vizualizácia,www.alvaria.sk/zivotne-prostredie/,,,zadarmo,,Evidencia psov
Psy v meste Prešov,05_2023,01_2022,VŠ,Životné prostredie,vizualizácia,www.alvaria.sk/zivotne-prostredie/,,,zadarmo,,Evidencia psov
Modelovanie scenárov miery zníženia emisií podľa využívania elektromobilov v dennej dochádzke v Košiciach,05_2023,01_2022,VŠ,Transparentnosť,vizualizácia,www.alvaria.sk/zivotne-prostredie/,,,zadarmo,,
E-map,05_2023,01_2022,VŠ,Transparentnosť,vizualizácia,www.alvaria.sk/samosprava/,,,zadarmo,Dotácie a dlžníci mesta BB,"Dotácie, Zoznam daňových dlžníkov"
Zmluvy (tovary a služby) Magistrátu hlavného mesta SR Bratislava,05_2023,01_2022,VŠ,Transparentnosť,vizualizácia,www.alvaria.sk/samosprava/,,,zadarmo,,Zmluvy
Bezpečnosť kultúrnych objektov mesta Prešov,05_2023,01_2022,VŠ,Bezpečnosť,vizualizácia,www.alvaria.sk/samosprava/,,,zadarmo,,"Monitorovacie zariadenia, Významné objekty"
Zoznam obchodných prevádzok v Prešove,05_2023,01_2022,VŠ,Samospráva,vizualizácia,www.alvaria.sk/samosprava/,,,zadarmo,,Zoznam obchodných prevádzok v meste Prešove
Využitie dát pri plánovaní cyklistickej dopravy,05_2023,01_2022,VŠ,Doprava,vizualizácia,www.alvaria.sk/doprava/,,,zadarmo,Vizualizácia údajov z kampane Do práce na bicykli,
Dopravná nehodovosť v BB SK a KE SK,05_2023,01_2022,VŠ,Doprava,vizualizácia,www.alvaria.sk/doprava/,,,zadarmo,,
Výhodné bývanie pre mladých,05_2023,01_2022,VŠ,Bývanie,vizualizácia,www.alvaria.sk/vzdelavanie/,,,zadarmo,Vizualizácia škôl a počtu obyvateľov podľa ulíc.,"Školstvo, Počet občanov podľa ulíc"
Vysoké školy v Slovenskej republike: Príručka uchádzača absolventa strednej školy,05_2023,01_2022,VŠ,Školstvo,vizualizácia,www.alvaria.sk/vzdelavanie/,,,zadarmo,,
Nezamestnanosť absolventov slovenských univerzít,05_2023,01_2022,VŠ,Školstvo,vizualizácia,www.alvaria.sk/vzdelavanie/,,,zadarmo,,
Open Data Bratislava,05_2023,01_2022,VŠ,Školstvo,vizualizácia,www.alvaria.sk/vzdelavanie/,,,zadarmo,Vizualizácia základných umeleckých škôl na území BA,Počet základných umeleckých škôl
Nezamestnaní podľa vzdelania v Banskobystrickom kraji,05_2023,01_2022,VŠ,Ekonomika,vizualizácia,www.alvaria.sk/vzdelavanie/,,,zadarmo,,
Mzdové ohodnotenie v jednotlivých krajoch,05_2023,01_2022,VŠ,Ekonomika,vizualizácia,www.alvaria.sk/ekonomika/,,,zadarmo,,
Prvá pomoc ako nástroj podpory pre podniky počas pandémie,05_2023,01_2022,VŠ,Ekonomika,vizualizácia,www.alvaria.sk/ekonomika/,,,zadarmo,,
Príčiny volenia politických strán v jednotlivých okresoch na základe vybraných hodnôt,05_2023,01_2022,VŠ,Voľby,vizualizácia,www.alvaria.sk/politicke-spravanie/,,,zadarmo,,
Dostupnosť pediatrických ambulancií v meste Bratislava,05_2023,01_2022,VŠ,Zdravie,vizualizácia,www.alvaria.sk/zdravotnictvo/,,,zadarmo,,
Lekárne v Prešovskom kraji,05_2023,01_2022,VŠ,Zdravie,vizualizácia,www.alvaria.sk/zdravotnictvo/,,,zadarmo,"Počet lekární podľa obcí, počet obyvateľov na lekáreň, čas cesty do lekárne",Lekárne na území PSK
Reklamné plochy na území mesta Košice,05_2023,12_2021,Samosprávne,Samospráva,vizualizácia,www.opendata.kosice.sk/maps/384f8145f4a9488e8d1ab1819e4c6b38/explore,,,zadarmo,,Reklamné plochy na území mesta Košice
Hlasovanie poslancov mestského zastupiteľstva - volebné obdobie 2018 - 2022,05_2023,10_2022,Samosprávne,Samospráva,vizualizácia,www.opendata.kosice.sk/apps/be9a164438d14b88bc210f4b4c903c28/explore,,,zadarmo,,Hlasovanie poslancov mestského zastupiteľstva - volebné obdobie 2018 - 2022
Monitoring kvality ovzdušia v meste Košice (2010-2020),05_2023,12_2021,Samosprávne,Životné prostredie,vizualizácia,www.opendata.kosice.sk/pages/763f91fbc8844649b940302b3447825b,x,,zadarmo,,Kvalita ovzdušia v meste Košice v rokoch 2010 - 2020
Spádové oblasti materských škôl a školské obvody základných škôl,05_2023,02_2023,Samosprávne,Školstvo,vizualizácia,www.opendata.kosice.sk/pages/677752b2747447f0be5b327047ba9e00,,,zadarmo,,Spádové oblasti materských škôl
Priestupky,05_2023,02_2023,Samosprávne,Bezpečnosť,vizualizácia,www.opendata.kosice.sk/pages/9bcfaab7a37e4501995f7bc1e265d1b3,,,zadarmo,,Priestupky na území mesta Košice
SOBDB 2021 - Košický kraj,05_2023,06_2023,Samosprávne,Samospráva,vizualizácia,https://opendata.kosice.sk/pages/1f059f21ee5e4b16b05d20b27df4aebb,,,zadarmo,,
Cyklosčítače KE,05_2023,05_2023,Samosprávne,Doprava,vizualizácia,https://opendata.kosice.sk/pages/f37aaddae2514c538eb0286e92267424,,,zadarmo,,Cyklosčítače Košice - pohyb
Hospodárenie mesta KE,05_2023,02_2023,Samosprávne,Transparentnosť,vizualizácia,https://opendata.kosice.sk/pages/4b73fb3c8f3b4ba6b580b3b0b59a9292,,,zadarmo,"Zmluvy, Objednávky, Faktúry",
Štatistika o obyvateľoch mesta KE,05_2023,02_2023,Samosprávne,Samospráva,vizualizácia,https://opendata.kosice.sk/pages/1e797a845fde4a7b9580825befe4db98,,,zadarmo,,
MHD zastávky KE,05_2023,03_2022,Samosprávne,Doprava,vizualizácia,https://opendata.kosice.sk/apps/40e50e27e9cc47718f3c879e011564aa/explore,,,zadarmo,,Zastávky MHD
Mapa umeleckých diel,03_2024,06_2023,Samosprávne,Kultúra,,,,,,,
Pošty a BalíkoBoxy v Košiciach,03_2024,03_2022,Samosprávne,Samospráva,,,,,,,
Administratívne hranice,05_2023,01_2022,Samosprávne,Geodáta,geovizualizácia,https://www.geoportalksk.sk/mapstore/#/viewer/openlayers/516,,,zadarmo,"Administratívne hranice okresov, katastrálnych území, obcí, regiónov KSK","Administratívne hranice obcí Košického samosprávneho kraja, Administratívne hranice okresov Košického samosprávneho kraja, Administratívna hranica Košického samosprávneho kraja"
Cestovný ruch,05_2023,10_2023,Samosprávne,Ekonomika,geovizualizácia,https://www.geoportalksk.sk/mapstore/#/viewer/openlayers/1473,,,zadarmo,"OOCR, infraštruktúra pre CR","Oblastné organizácie cestovného ruchu v Košickom samosprávnom kraji, Turistické informačné centrá na území Košického samosprávneho kraja, ..."
Cyklotrasy,05_2023,,Samosprávne,Doprava,geovizualizácia,https://www.geoportalksk.sk/mapstore/#/viewer/openlayers/2274,,,zadarmo,,"Cyklotrasy na území Košického samosprávneho kraja (cykloportal.sk) , Cyklotrasy na území Košického samosprávneho kraja (OpenStreetMap) "
Časová dostupnosť miest,05_2023,,Samosprávne,Doprava,geovizualizácia,https://www.geoportalksk.sk/mapstore/#/viewer/openlayers/1458,,,zadarmo,Časová dostupnosť mesta Košice,Časová dostupnosť mesta
Doprava,05_2023,,Samosprávne,Doprava,geovizualizácia,https://www.geoportalksk.sk/mapstore/#/viewer/openlayers/1247,,,zadarmo,"Cesty, zastávky, železničné trate","Cesty III. triedy na území Košického samosprávneho kraja, Cesty II. triedy na území Košického samosprávneho kraja, ..."
Dotácie 2022,05_2023,,Samosprávne,Transparentnosť,geovizualizácia,https://www.geoportalksk.sk/mapstore/#/viewer/openlayers/578,,,zadarmo,,"Individuálne dotácie Košického samosprávneho kraja, Dotačná schéma Košického samosprávneho kraja"
Klimatická zmena a jej dôsledky,05_2023,10_2022,Samosprávne,Životné prostredie,geovizualizácia,https://www.geoportalksk.sk/mapstore/#/viewer/openlayers/3171,,,zadarmo,"Zraniteľnosť obcí, Agregovaný dopad, Adaptačná kapacita, Expozícia - zmeny teplôt","Expozícia - Zmena priemernej ročnej teploty vzduchu v obciach Košického samosprávneho kraja, Náchylnosti územia na eróziu pôdy, ..."
Chránené územia,05_2023,,Samosprávne,Životné prostredie,geovizualizácia,https://www.geoportalksk.sk/mapstore/#/viewer/openlayers/1836,,,zadarmo,,"Chránené stromy na území Košického samosprávneho kraja, Chránené vtáčie územia (CHVÚ) na území Košického samosprávneho kraja, ..."
Ekologická kvalita obcí KSK,05_2023,12_2022,Samosprávne,Životné prostredie,geovizualizácia,https://www.geoportalksk.sk/mapstore/#/viewer/openlayers/3292,,,zadarmo,,
Povodňové ohrozenie územia KSK,05_2023,12_2022,Samosprávne,Životné prostredie,geovizualizácia,https://www.geoportalksk.sk/mapstore/#/viewer/openlayers/4502,,,zadarmo,,"Záplavové územie, Hĺbka vody"
Ekonomická aktivita obyvateľov KSK,05_2023,03_2023,Samosprávne,Ekonomika,geovizualizácia,https://www.geoportalksk.sk/mviewer/?lang=sk&config=apps/ludia_praca/ludia_praca.xml#,,,zadarmo,"Nezamestnanosť, Voľné pracovné miesta, Ekonomické štatistiky",
Demografia KSK,05_2023,12_2022,Samosprávne,Samospráva,geovizualizácia,https://www.geoportalksk.sk/mviewer/?lang=sk&config=apps/demografia/demografia.xml,,,zadarmo,"Stav a pohyb obyvateľstva, demografické procesy, Bilancie obyvateľstva",
Kvalita ovzdušia,05_2023,,Samosprávne,Životné prostredie,geovizualizácia,https://www.geoportalksk.sk/mapstore/#/viewer/openlayers/4059,,,zadarmo,,Meracie stanice kvality ovzdušia na území Košického samosprávneho kraja
Kultúra,05_2023,,Samosprávne,Kultúra,geovizualizácia,https://www.geoportalksk.sk/mapstore/#/viewer/openlayers/1798,,,zadarmo,"Kultúrne organizácie, galérie, knižnice, lokality UNESCO, Národné kultúrne pamiatky","Kultúrne organizácie v zriaďovateľskej pôsobnosti Košického samosprávneho kraja, Galérie, knižnice a múzeá (nie zriaďovateľ KSK) na území Košického samosprávneho kraja, ..."
Sociálne veci KSK,05_2023,,Samosprávne,Sociálne veci,geovizualizácia,https://www.geoportalksk.sk/mapstore/#/viewer/openlayers/5249,,,zadarmo,Sociálne služby,"Sociálne zariadenia v zriaďovateľskej pôsobnosti Košického samosprávneho kraja, Sociálne služby v Košickom samosprávnom kraji, ..."
Rómske komunity,05_2023,,Samosprávne,Sociálne veci,geovizualizácia,https://www.geoportalksk.sk/mviewer/?lang=sk&config=apps/romske_komunity/rk.xml,,,zadarmo,Atlas rómskych komunít,Podiel obyvateľov rómskej komunity v obciach Košického samosprávneho kraja
Pracovné ponuky v organizáciách a na Úrade KSK,05_2023,11_2022,Samosprávne,Ekonomika,geovizualizácia,https://www.geoportalksk.sk/mapstore/#/viewer/openlayers/2963,,,zadarmo,,Voľné pracovné miesta v organizáciách a na Úrade Košického samosprávneho kraja 
IROP,05_2023,,Samosprávne,Transparentnosť,geovizualizácia,https://www.geoportalksk.sk/mapstore/#/viewer/openlayers/565,,,zadarmo,,Prehľad podpísaných zmlúv projektov IROP Košického samosprávneho kraja
Zdravotníctvo KSK,05_2023,03_2023,Samosprávne,Zdravie,geovizualizácia,https://www.geoportalksk.sk/mviewer/?lang=sk&config=apps/zdravotnictvo/zdravotnictvo.xml#,,,zadarmo,Zdravotnícke zariadenia,"Zdravotnícke zariadenia vo vlastníctve Košického samosprávneho kraja, Všeobecné ambulantné zdravotnícke zariadenia na území Košického samosprávneho kraja, ..."
Vybavenosť obcí vodovom a kanalizáciou,05_2023,,Samosprávne,Samospráva,geovizualizácia,https://www.geoportalksk.sk/mviewer/?lang=sk&config=apps%2Fkanalizacie_vodovody_ksk%2Fkanalizacie_vodovody_ksk.xml#,,,zadarmo,,"Vybavenosť obcí Košického samosprávneho kraja verejným vodovodom, Vybavenosť obcí Košického samosprávneho kraja verejnou kanalizáciou "
Územné plánovanie obcí KSK,05_2023,,Samosprávne,Samospráva,geovizualizácia,https://www.geoportalksk.sk/mapstore/#/viewer/openlayers/1139,,,zadarmo,"Má/Nemá ÚP, odkaz",Prehľad územnoplánovacej dokumentácie obcí Košického samosprávneho kraja
Územný plán KSK,05_2023,,Samosprávne,Samospráva,geovizualizácia,https://www.geoportalksk.sk/mapstore/#/viewer/openlayers/4216,,,zadarmo,,
Školstvo KSK,05_2023,,Samosprávne,Školstvo,geovizualizácia,https://www.geoportalksk.sk/mapstore/#/viewer/openlayers/2201,,,zadarmo,"Školy, Materské školy","Školy a školské zariadenia v zriaďovateľskej pôsobnosti Košického samosprávneho kraja, Materské školy na území Košického samosprávneho kraja "
Voľby v Prešovskom kraji,05_2023,11_2022,Samosprávne,Voľby,geovizualizácia,https://geopresovregion.sk/mviewer/?lang=sk&config=apps/volby_psk/volby.xml#,,,zadarmo,,"Prezidentské voľby, Voľby do samospráv obcí, ..."
Priemyselné parky a investičný potenciál kraja,05_2023,10_2022,Samosprávne,Ekonomika,geovizualizácia,https://geopresovregion.sk/mviewer/?lang=sk&config=apps/Priem_parky_sk.xml#,,,zadarmo,,Priemyselné parky SARIO 
"Kvalita mostov v Prešovskom kraji (2022, 2023)",05_2023,06_2023,Samosprávne,Doprava,geovizualizácia,https://geopresovregion.sk/home/2023/06/30/prehlad-kvality-mostov-v-presovskom-kraji-v-rokoch-2022-a-2023/,,,zadarmo,,Mosty na území PSK
"Kvalita mostov v Prešovskom kraji (2020, 2021)",05_2023,07_2021,Samosprávne,Doprava,geovizualizácia,https://geopresovregion.sk/home/2021/07/23/mosty-v-presovskom-kraji-podla-stavu/,,,zadarmo,,Mosty na území PSK
Projektové zámery miest a obcí,05_2023,09_2021,Samosprávne,Ekonomika,geovizualizácia,https://geopresovregion.sk/home/2021/09/20/projektove-zamery-miest-a-obci/,,,zadarmo,,Projektové zámery
Odhad výberu podielových daní v porovnaní s plánovaným rozpočtom miest a obcí PSK,05_2023,09_2020,Samosprávne,Ekonomika,geovizualizácia,https://geopresovregion.sk/mviewer/?lang=sk&config=apps/dane-sk.xml,,,zadarmo,,Odhad výnosu podielových daní v porovnaní s plánovaným rozpočtom
POLONINY TRAIL – Rozvoj okresu Snina,05_2023,03_2020,Samosprávne,Doprava,geovizualizácia,https://geopresovregion.sk/mviewer/?lang=sk&config=apps/Poloniny_trail.xml#,,,zadarmo,,"Poloniny trail, Altánky a veže v okolí Poloniny trail"
Príprava programového obdobia 2021 – 2027,05_2023,09_2021,Samosprávne,Transparentnosť,geovizualizácia,https://geopresovregion.sk/mviewer/?lang=sk&config=apps/dotazniky.xml,,,zadarmo,,
Dotácie z Výzvy predsedu Prešovského samosprávneho kraja 2020,05_2023,09_2021,Samosprávne,Transparentnosť,geovizualizácia,https://geopresovregion.sk/web/web_vyzva_predsedu/index.html,,,zadarmo,,Dotácie z Výzvy predsedu 2020
Dotácie z Výzvy pre región 2020 Prešovského samosprávneho kraja,05_2023,09_2021,Samosprávne,Transparentnosť,geovizualizácia,https://geopresovregion.sk/web/web_grants_2020/index.html,,,zadarmo,,Dotácie z Výzvy pre región PSK
Mikroprogram PSK 2020,05_2023,09_2021,Samosprávne,Transparentnosť,geovizualizácia,https://geopresovregion.sk/web/web_mikroprojekty/index.html,,,zadarmo,,Dotácie z Mikroprogramu PSK pre rok 2020 
Zdravotná starostlivosť a sociálne služby,05_2023,09_2021,Samosprávne,Zdravie,geovizualizácia,https://geopresovregion.sk/mviewer/?lang=sk&config=apps/health-social-sk.xml,,,zadarmo,,"Poskytovatelia ambulantnej a inej formy sociálnej služby, Poskytovatelia pobytovej sociálnej služby, ..."
Turistika a Cestovný ruch,05_2023,10_2020,Samosprávne,Ekonomika,geovizualizácia,https://geopresovregion.sk/mviewer/?lang=sk&config=apps/tourism-sk.xml,,,zadarmo,,"Dotazník - Cestovný ruch (mestá/obce), Prístrešky, ..."
Doprava v Prešovskom kraji,05_2023,09_2021,Samosprávne,Doprava,geovizualizácia,https://geopresovregion.sk/mviewer/?lang=sk&config=apps/doprava/doprava.xml#,,,zadarmo,,"Zastávky prímestskej autobusovej dopravy (PAD) v PSK, Železničné zastávky na území PSK "
Rómske komunity,05_2023,09_2021,Samosprávne,Sociálne veci,geovizualizácia,https://geopresovregion.sk/web/web_mrk/,,,zadarmo,,Atlas rómskych komunít
Výzva pre región 2019,05_2023,09_2021,Samosprávne,Transparentnosť,geovizualizácia,https://geopresovregion.sk/web/web_grants_2019/index.html,,,zadarmo,,Dotácie z Výzvy pre región
Organizácie PSK (január 2021),05_2023,09_2021,Samosprávne,Samospráva,geovizualizácia,https://geopresovregion.sk/web/web_budovy/index.html#9/49.0757/21.2531,,,zadarmo,,Organizácie v zriaďovateľskej pôsobnosti PSK 
"Nezamestnanosť, ľudia a podnikanie",05_2023,09_2021,Samosprávne,Ekonomika,geovizualizácia,https://geopresovregion.sk/mviewer/?lang=sk&config=apps/business-sk.xml,,,zadarmo,,"Uchádzači o zamestnanie podľa doby evidencie (mestá/obce), Uchádzači o zamestnanie podľa doby evidencie (okresy), ..."
Ľudia a práca,05_2023,09_2021,Samosprávne,Ekonomika,geovizualizácia,https://geopresovregion.sk/mviewer/?lang=sk&config=apps/life-sk.xml,,,zadarmo,,"Priemerná mesačná mzda, Voľné pracovné miesta, ... "
"Sčítanie obyvateľov, domov a bytov",07_2023,03_2023,Samosprávne,Samospráva,vizualizácia,https://opendata.trnava-vuc.sk/pages/novinky,,,zadarmo,,
Plán obnovy a no-regret oblast,07_2023,03_2024,Samosprávne,Transparentnosť,geovizualizácia,https://www.arcgis.com/apps/dashboards/a7758121e71840e38e03825046878d95,,,zadarmo,,
Dotácie poskytnuté Trnavským samosprávnym krajom,07_2023,12_2022,Samosprávne,Transparentnosť,geovizualizácia,https://www.arcgis.com/apps/dashboards/4ff2176c261546e9a0ac1522c3a35214,,,zadarmo,,
Participatívny rozpočet TTSK 2021-2023,07_2023,02_2023,Samosprávne,Transparentnosť,geovizualizácia,https://www.arcgis.com/apps/dashboards/0c4659eb64ee4096945cd8f3db58bf06,,,zadarmo,,
Intenzita dopravy a dopravné nehody v TTSK,07_2023,02_2023,Samosprávne,Doprava,geovizualizácia,https://www.arcgis.com/apps/dashboards/e2bd69e2322d4386b24d729738056d70,,,zadarmo,,
Skládky na území TTSK,07_2023,03_2023,Samosprávne,Životné prostredie,geovizualizácia,https://www.arcgis.com/apps/dashboards/ba58fa8d023a410888e5a7854e1ddd52,x,,zadarmo,,
Organizácie v zriaďovateľskej pôsobnosti TTSK,07_2023,12_2022,Samosprávne,Transparentnosť,geovizualizácia,https://www.arcgis.com/apps/dashboards/fbb7efe9902c4cd5bbf9cfaa59cb631e,,,zadarmo,,
Ekologický čin roka,07_2023,03_2023,Samosprávne,Životné prostredie,geovizualizácia,https://www.arcgis.com/apps/dashboards/8b2c368d273f4d4087b8856028f7d3d5,,,zadarmo,,
"Neverejní poskytovatelia sociálnych služieb v TTSK, podporovaní z rozpočtu ÚTTSK",07_2023,12_2022,Samosprávne,Sociálne veci,geovizualizácia,https://www.arcgis.com/apps/dashboards/df4f88ab7bf347ebb5950ba26b360b48,,,zadarmo,,Neverejní poskytovatelia sociálnych služieb v TTSK
Subjekty sociálnoprávnej ochrany detí a sociálnej kurately,07_2023,12_2023,Samosprávne,Sociálne veci,geovizualizácia,https://www.arcgis.com/apps/dashboards/e1e053668b55443fb33d023d80ddcdf5,,,zadarmo,,
Zdravotnícke zariadenia v TTSK,07_2023,01_2023,Samosprávne,Zdravie,geovizualizácia,https://www.arcgis.com/apps/dashboards/1df60239ddbb48aca7139eb0fd8e7a4b,,,zadarmo,,Zdravotnícke zariadenia v TTSK
"Rekonštrucie mostov, ciest a priepustov v TTSK",07_2023,12_2022,Samosprávne,Doprava,geovizualizácia,https://www.arcgis.com/apps/dashboards/fca23ad762b847ab8399467de2d65df9,x,,zadarmo,,
Dobývacie priestory Chránene ložiskové územia TTSK,07_2023,03_2023,Samosprávne,Životné prostredie,geovizualizácia,https://www.arcgis.com/apps/dashboards/2cae50d890e94f1e8e50e27d97fd43c1,,,zadarmo,,
Chránené územia TTSK,07_2023,02_2023,Samosprávne,Životné prostredie,geovizualizácia,https://www.arcgis.com/apps/dashboards/9e1309023bcd432a8eb44c34482724f4,x,,zadarmo,,
Žiadosti o sprístupnenie informácií podľa zákona č. 211/2000 Z. z. o slobodnom prístupe k informáciám ,07_2023,04_2023,Samosprávne,Transparentnosť,geovizualizácia,https://www.arcgis.com/apps/dashboards/547818636c05472795d9a9fe2debf646,,,zadarmo,,
Vybavovanie petícií,07_2023,04_2023,Samosprávne,Transparentnosť,geovizualizácia,https://www.arcgis.com/apps/dashboards/f615b3a8ff604dfc979aee5d24f9330a,,,zadarmo,,Vybavovanie petícií
Poskytovateľia sociálnych služieb v TTSK,07_2023,02_2023,Samosprávne,Sociálne veci,geovizualizácia,https://www.arcgis.com/apps/dashboards/b42c5d043b2a4e9088c9d086fff78590,,,zadarmo,,
Vybavovanie sťažností,07_2023,05_2023,Samosprávne,Transparentnosť,geovizualizácia,https://www.arcgis.com/apps/dashboards/36d7d30e0d4a4673a9c1607e842ecb2a,,,zadarmo,,Vybavovanie sťažností
Lekárne v TTSK,07_2023,03_2023,Samosprávne,Zdravie,geovizualizácia,https://www.arcgis.com/apps/dashboards/1db0652e4b3d428cbe683ca5f77f50f5,,,zadarmo,,EVUC Lekárne TTSK (aktualizované)
Lekárenská pohotovostná služba v TTSK,07_2023,03_2023,Samosprávne,Zdravie,geovizualizácia,https://www.arcgis.com/apps/dashboards/b61dbe74b637468f940cbe39b0e0e718,,,zadarmo,,
Register projektov EÚ v TTSK,07_2023,03_2023,Samosprávne,Transparentnosť,geovizualizácia,https://www.arcgis.com/apps/dashboards/d87645dd8cf147d5932b7e09d882dbdc,,,zadarmo,,
Register investícií TTSK,07_2023,12_2022,Samosprávne,Transparentnosť,geovizualizácia,https://www.arcgis.com/apps/dashboards/22c12930771b45938b2feaa37d0db9b0,,,zadarmo,,
Register projektov a investícii ,07_2023,03_2023,Samosprávne,Transparentnosť,geovizualizácia,https://www.arcgis.com/apps/dashboards/c2c61bb58f314c82a5274fb53cd75223,,,zadarmo,,
Riečna sieť TTSK,07_2023,03_2023,Samosprávne,Životné prostredie,geovizualizácia,https://www.arcgis.com/apps/dashboards/50c4e0169d0841f3976b218b80707e0a,,,zadarmo,,
Environmentálna zátaž,07_2023,02_2023,Samosprávne,Životné prostredie,geovizualizácia,https://www.arcgis.com/apps/dashboards/44fc28a29177485d807b201fc339e6ed,x,,zadarmo,,
Mestá a obce TTSK,07_2023,04_2023,Samosprávne,Samospráva,geovizualizácia,https://www.arcgis.com/apps/dashboards/fc61524f885741a5815556c9a7c4b8d4,,,zadarmo,,
Obce s vybudovanou ČOV kanalizácie vodovody,07_2023,03_2023,Samosprávne,Životné prostredie,geovizualizácia,https://www.arcgis.com/apps/dashboards/95d9b96f4d554f6bbd04030217025fe4,,,zadarmo,,
Pasportizačný list národných kultúrnych pamiatok TTSK,07_2023,04_2023,Samosprávne,Kultúra,geovizualizácia,https://www.arcgis.com/apps/dashboards/a4b8cab456ad4ad6ae5230c717c33bbc,,,zadarmo,,
Cenzus BA,07_2023,2019,Samosprávne,Samospráva,vizualizácia,https://opendata.bratislava.sk/page/cenzus,,,zadarmo,,
Cyklo BA,07_2023,2019,Samosprávne,Doprava,vizualizácia,https://opendata.bratislava.sk/page/cyclo,,,zadarmo,,Cyklosčítač/e
Energie BA,07_2023,2019,Samosprávne,Energie,vizualizácia,https://opendata.bratislava.sk/page/buildings,,,zadarmo,,"Prehľad ročných nákladov budov, Spotreba"
Chodci BA,07_2023,2019,Samosprávne,Doprava,vizualizácia,https://opendata.bratislava.sk/page/pedestrians,,,zadarmo,,Počet prechodov
Indikátory BA,07_2023,2019,Samosprávne,Samospráva,vizualizácia,https://opendata.bratislava.sk/page/longstats,,,zadarmo,Dlhodobo sledované indikátory mesta Bratislava,
Kultúra BA,07_2023,2019,Samosprávne,Kultúra,vizualizácia,https://opendata.bratislava.sk/page/culture,,,zadarmo,,"Priemerná návštevnosť, Počet výpožičiek"
Ľudia BA,07_2023,2019,Samosprávne,Samospráva,vizualizácia,https://opendata.bratislava.sk/page/people,,,zadarmo,,
Ovzdušie BA,07_2023,2019,Samosprávne,Životné prostredie,vizualizácia,https://opendata.bratislava.sk/page/meteo,,,zadarmo,,
Wi-fi BA,07_2023,2019,Samosprávne,Informatizácia,vizualizácia,https://opendata.bratislava.sk/onlinedata/,,,zadarmo,,Online dáta
APP Mapy BA,07_2023,2019,Samosprávne,Geodáta,geovizualizácia,https://opendata.bratislava.sk/page/appmaps,,,zadarmo,Vizualizácie dát na mapách,
